Metric,Value
Accuracy,0.4856220243254466
Precision,0.23582875050994465
Recall,0.4856220243254466
F1-Score,0.3174814948196851
